filename,x,y,w,h
alpino\0-01-V1-W_aug1_flipV_mask.png,48,39,135,86
alpino\0-01-V1-W_aug2_flipH_mask.png,41,99,135,86
alpino\0-01-V1-W_aug3_flipH_mask.png,41,99,135,86
alpino\0-01-V1-W_aug4_flipV_mask.png,48,39,135,86
alpino\0-01-V1-W_aug5_flipH_mask.png,41,99,135,86
alpino\0-01-V1-W_aug6_mask.png,48,99,135,86
alpino\0-01-V1-W_mask.png,48,99,135,86
alpino\0-02-V1-W_aug1_flipV_mask.png,41,50,153,94
alpino\0-02-V1-W_aug2_mask.png,41,80,153,94
alpino\0-02-V1-W_aug3_flipH_mask.png,30,80,153,94
alpino\0-02-V1-W_aug4_flipH_mask.png,30,80,153,94
alpino\0-02-V1-W_aug5_flipH_mask.png,30,80,153,94
alpino\0-02-V1-W_aug6_mask.png,41,80,153,94
alpino\0-02-V1-W_mask.png,41,80,153,94
alpino\0-03-V1-B_aug1_flipV_mask.png,51,60,159,91
alpino\0-03-V1-B_aug2_flipH_mask.png,14,73,159,91
alpino\0-03-V1-B_aug3_flipV_mask.png,51,60,159,91
alpino\0-03-V1-B_aug4_flipV_mask.png,51,60,159,91
alpino\0-03-V1-B_aug5_mask.png,51,73,159,91
alpino\0-03-V1-B_aug6_mask.png,51,73,159,91
alpino\0-03-V1-B_mask.png,51,73,159,91
alpino\0-04-V1-B_aug1_mask.png,61,90,131,85
alpino\0-04-V1-B_aug2_mask.png,61,90,131,85
alpino\0-04-V1-B_aug3_flipH_mask.png,32,90,131,85
alpino\0-04-V1-B_aug4_flipV_mask.png,61,49,131,85
alpino\0-04-V1-B_aug5_flipH_mask.png,32,90,131,85
alpino\0-04-V1-B_aug6_flipH_mask.png,32,90,131,85
alpino\0-04-V1-B_mask.png,61,90,131,85
alpino\0-05-V1-B_aug1_mask.png,77,82,112,71
alpino\0-05-V1-B_aug2_flipV_mask.png,77,71,112,71
alpino\0-05-V1-B_aug3_flipH_mask.png,35,82,112,71
alpino\0-05-V1-B_aug4_flipV_mask.png,77,71,112,71
alpino\0-05-V1-B_aug5_flipH_mask.png,35,82,112,71
alpino\0-05-V1-B_aug6_mask.png,77,82,112,71
alpino\0-05-V1-B_mask.png,77,82,112,71
alpino\0-06-V2-B_aug1_mask.png,56,115,133,57
alpino\0-06-V2-B_aug2_flipH_mask.png,35,115,133,57
alpino\0-06-V2-B_aug3_flipV_mask.png,56,52,133,57
alpino\0-06-V2-B_aug4_flipH_mask.png,35,115,133,57
alpino\0-06-V2-B_aug5_mask.png,56,115,133,57
alpino\0-06-V2-B_aug6_flipH_mask.png,35,115,133,57
alpino\0-06-V2-B_mask.png,56,115,133,57
alpino\0-07-V3-B_aug1_flipV_mask.png,64,24,99,82
alpino\0-07-V3-B_aug2_mask.png,64,118,99,82
alpino\0-07-V3-B_aug3_mask.png,64,118,99,82
alpino\0-07-V3-B_aug4_mask.png,64,118,99,82
alpino\0-07-V3-B_aug5_flipH_mask.png,61,118,99,82
alpino\0-07-V3-B_aug6_flipV_mask.png,64,24,99,82
alpino\0-07-V3-B_mask.png,64,118,99,82
alpino\0-08-V4-B_aug1_mask.png,60,106,132,65
alpino\0-08-V4-B_aug2_flipH_mask.png,32,106,132,65
alpino\0-08-V4-B_aug3_flipV_mask.png,60,53,132,65
alpino\0-08-V4-B_aug4_flipV_mask.png,60,53,132,65
alpino\0-08-V4-B_aug5_flipV_mask.png,60,53,132,65
alpino\0-08-V4-B_aug6_flipV_mask.png,60,53,132,65
alpino\0-08-V4-B_mask.png,60,106,132,65
alpino\0-09-V5-B_aug1_flipH_mask.png,33,97,91,96
alpino\0-09-V5-B_aug2_flipH_mask.png,33,97,91,96
alpino\0-09-V5-B_aug3_flipV_mask.png,100,31,91,96
alpino\0-09-V5-B_aug4_flipH_mask.png,33,97,91,96
alpino\0-09-V5-B_aug5_flipV_mask.png,100,31,91,96
alpino\0-09-V5-B_aug6_flipV_mask.png,100,31,91,96
alpino\0-09-V5-B_mask.png,100,97,91,96
alpino\0-10-V6-B_aug1_flipV_mask.png,79,90,102,64
alpino\0-10-V6-B_aug2_flipH_mask.png,43,70,102,64
alpino\0-10-V6-B_aug3_flipH_mask.png,43,70,102,64
alpino\0-10-V6-B_aug4_mask.png,79,70,102,64
alpino\0-10-V6-B_aug5_flipV_mask.png,79,90,102,64
alpino\0-10-V6-B_aug6_flipH_mask.png,43,70,102,64
alpino\0-10-V6-B_mask.png,79,70,102,64
alpino\0-11-V1-W_aug1_flipV_mask.png,47,42,154,92
alpino\0-11-V1-W_aug2_flipH_mask.png,23,90,154,92
alpino\0-11-V1-W_aug3_mask.png,47,90,154,92
alpino\0-11-V1-W_aug4_mask.png,47,90,154,92
alpino\0-11-V1-W_aug5_flipV_mask.png,47,42,154,92
alpino\0-11-V1-W_aug6_flipH_mask.png,23,90,154,92
alpino\0-11-V1-W_mask.png,47,90,154,92
alpino\0-12-V2-W_aug1_flipH_mask.png,11,119,166,76
alpino\0-12-V2-W_aug2_flipV_mask.png,47,29,166,76
alpino\0-12-V2-W_aug3_flipV_mask.png,47,29,166,76
alpino\0-12-V2-W_aug4_mask.png,47,119,166,76
alpino\0-12-V2-W_aug5_mask.png,47,119,166,76
alpino\0-12-V2-W_aug6_flipV_mask.png,47,29,166,76
alpino\0-12-V2-W_mask.png,47,119,166,76
alpino\0-13-V3-W_aug1_flipH_mask.png,32,76,112,127
alpino\0-13-V3-W_aug2_mask.png,80,76,112,127
alpino\0-13-V3-W_aug3_flipV_mask.png,80,21,112,127
alpino\0-13-V3-W_aug4_flipV_mask.png,80,21,112,127
alpino\0-13-V3-W_aug5_flipH_mask.png,32,76,112,127
alpino\0-13-V3-W_aug6_mask.png,80,76,112,127
alpino\0-13-V3-W_mask.png,80,76,112,127
alpino\0-14-V4-W_aug1_flipV_mask.png,56,58,158,81
alpino\0-14-V4-W_aug2_mask.png,56,85,158,81
alpino\0-14-V4-W_aug3_mask.png,56,85,158,81
alpino\0-14-V4-W_aug4_flipV_mask.png,56,58,158,81
alpino\0-14-V4-W_aug5_flipH_mask.png,10,85,158,81
alpino\0-14-V4-W_aug6_flipH_mask.png,10,85,158,81
alpino\0-14-V4-W_mask.png,56,85,158,81
alpino\0-15-V5-W_aug1_mask.png,83,96,119,116
alpino\0-15-V5-W_aug2_flipH_mask.png,22,96,119,116
alpino\0-15-V5-W_aug3_mask.png,83,96,119,116
alpino\0-15-V5-W_aug4_mask.png,83,96,119,116
alpino\0-15-V5-W_aug5_flipH_mask.png,22,96,119,116
alpino\0-15-V5-W_aug6_mask.png,83,96,119,116
alpino\0-15-V5-W_mask.png,83,96,119,116
alpino\0-16-V6-W_aug1_flipV_mask.png,61,96,130,81
alpino\0-16-V6-W_aug2_mask.png,61,47,130,81
alpino\0-16-V6-W_aug3_flipV_mask.png,61,96,130,81
alpino\0-16-V6-W_aug4_flipV_mask.png,61,96,130,81
alpino\0-16-V6-W_aug5_mask.png,61,47,130,81
alpino\0-16-V6-W_aug6_flipV_mask.png,61,96,130,81
alpino\0-16-V6-W_mask.png,61,47,130,81
amor_carioca\1-01-V1-W_aug1_flipH_mask.png,23,84,158,109
amor_carioca\1-01-V1-W_aug2_mask.png,43,84,158,109
amor_carioca\1-01-V1-W_aug3_flipH_mask.png,23,84,158,109
amor_carioca\1-01-V1-W_aug4_flipV_mask.png,43,31,158,109
amor_carioca\1-01-V1-W_aug5_mask.png,43,84,158,109
amor_carioca\1-01-V1-W_aug6_mask.png,43,84,158,109
amor_carioca\1-01-V1-W_mask.png,43,84,158,109
amor_carioca\1-02-V1-W_aug1_mask.png,24,72,183,115
amor_carioca\1-02-V1-W_aug2_flipV_mask.png,24,37,183,115
amor_carioca\1-02-V1-W_aug3_flipV_mask.png,24,37,183,115
amor_carioca\1-02-V1-W_aug4_flipH_mask.png,17,72,183,115
amor_carioca\1-02-V1-W_aug5_flipV_mask.png,24,37,183,115
amor_carioca\1-02-V1-W_aug6_flipV_mask.png,24,37,183,115
amor_carioca\1-02-V1-W_mask.png,24,72,183,115
amor_carioca\1-03-V1-B_aug1_mask.png,48,51,176,122
amor_carioca\1-03-V1-B_aug2_flipH_mask.png,0,51,176,122
amor_carioca\1-03-V1-B_aug3_mask.png,48,51,176,122
amor_carioca\1-03-V1-B_aug4_flipH_mask.png,0,51,176,122
amor_carioca\1-03-V1-B_aug5_flipH_mask.png,0,51,176,122
amor_carioca\1-03-V1-B_aug6_flipH_mask.png,0,51,176,122
amor_carioca\1-03-V1-B_mask.png,48,51,176,122
amor_carioca\1-04-V1-B_aug1_flipV_mask.png,52,40,144,115
amor_carioca\1-04-V1-B_aug2_flipV_mask.png,52,40,144,115
amor_carioca\1-04-V1-B_aug3_flipH_mask.png,28,69,144,115
amor_carioca\1-04-V1-B_aug4_flipV_mask.png,52,40,144,115
amor_carioca\1-04-V1-B_aug5_flipH_mask.png,28,69,144,115
amor_carioca\1-04-V1-B_aug6_flipH_mask.png,28,69,144,115
amor_carioca\1-04-V1-B_mask.png,52,69,144,115
amor_carioca\1-05-V1-B_aug1_flipV_mask.png,74,69,129,88
amor_carioca\1-05-V1-B_aug2_flipV_mask.png,74,69,129,88
amor_carioca\1-05-V1-B_aug3_flipH_mask.png,21,67,129,88
amor_carioca\1-05-V1-B_aug4_flipH_mask.png,21,67,129,88
amor_carioca\1-05-V1-B_aug5_flipV_mask.png,74,69,129,88
amor_carioca\1-05-V1-B_aug6_flipH_mask.png,21,67,129,88
amor_carioca\1-05-V1-B_mask.png,74,67,129,88
amor_carioca\1-06-V2-B_aug1_flipH_mask.png,0,97,139,63
amor_carioca\1-06-V2-B_aug2_flipV_mask.png,85,64,139,63
amor_carioca\1-06-V2-B_aug3_flipV_mask.png,85,64,139,63
amor_carioca\1-06-V2-B_aug4_flipH_mask.png,0,97,139,63
amor_carioca\1-06-V2-B_aug5_flipV_mask.png,85,64,139,63
amor_carioca\1-06-V2-B_aug6_flipH_mask.png,0,97,139,63
amor_carioca\1-06-V2-B_mask.png,85,97,139,63
amor_carioca\1-07-V3-B_aug1_flipH_mask.png,8,95,109,108
amor_carioca\1-07-V3-B_aug2_mask.png,107,95,109,108
amor_carioca\1-07-V3-B_aug3_flipV_mask.png,107,21,109,108
amor_carioca\1-07-V3-B_aug4_flipV_mask.png,107,21,109,108
amor_carioca\1-07-V3-B_aug5_flipV_mask.png,107,21,109,108
amor_carioca\1-07-V3-B_aug6_flipH_mask.png,8,95,109,108
amor_carioca\1-07-V3-B_mask.png,107,95,109,108
amor_carioca\1-08-V4-B_aug1_flipV_mask.png,73,46,145,79
amor_carioca\1-08-V4-B_aug2_flipV_mask.png,73,46,145,79
amor_carioca\1-08-V4-B_aug3_mask.png,73,99,145,79
amor_carioca\1-08-V4-B_aug4_flipV_mask.png,73,46,145,79
amor_carioca\1-08-V4-B_aug5_mask.png,73,99,145,79
amor_carioca\1-08-V4-B_aug6_flipH_mask.png,6,99,145,79
amor_carioca\1-08-V4-B_mask.png,73,99,145,79
amor_carioca\1-09-V5-B_aug1_flipV_mask.png,102,18,122,106
amor_carioca\1-09-V5-B_aug2_flipV_mask.png,102,18,122,106
amor_carioca\1-09-V5-B_aug3_mask.png,102,100,122,106
amor_carioca\1-09-V5-B_aug4_flipV_mask.png,102,18,122,106
amor_carioca\1-09-V5-B_aug5_flipH_mask.png,0,100,122,106
amor_carioca\1-09-V5-B_aug6_flipV_mask.png,102,18,122,106
amor_carioca\1-09-V5-B_mask.png,102,100,122,106
amor_carioca\1-10-V6-B_aug1_mask.png,82,59,119,84
amor_carioca\1-10-V6-B_aug2_mask.png,82,59,119,84
amor_carioca\1-10-V6-B_aug3_mask.png,82,59,119,84
amor_carioca\1-10-V6-B_aug4_mask.png,82,59,119,84
amor_carioca\1-10-V6-B_aug5_flipH_mask.png,23,59,119,84
amor_carioca\1-10-V6-B_aug6_mask.png,82,59,119,84
amor_carioca\1-10-V6-B_mask.png,82,59,119,84
amor_carioca\1-11-V1-W_aug1_flipV_mask.png,42,60,170,116
amor_carioca\1-11-V1-W_aug2_mask.png,42,48,170,116
amor_carioca\1-11-V1-W_aug3_flipH_mask.png,12,48,170,116
amor_carioca\1-11-V1-W_aug4_flipV_mask.png,42,60,170,116
amor_carioca\1-11-V1-W_aug5_flipH_mask.png,12,48,170,116
amor_carioca\1-11-V1-W_aug6_mask.png,42,48,170,116
amor_carioca\1-11-V1-W_mask.png,42,48,170,116
amor_carioca\1-12-V2-W_aug1_mask.png,31,74,193,93
amor_carioca\1-12-V2-W_aug2_flipV_mask.png,31,57,193,93
amor_carioca\1-12-V2-W_aug3_flipH_mask.png,0,74,193,93
amor_carioca\1-12-V2-W_aug4_mask.png,31,74,193,93
amor_carioca\1-12-V2-W_aug5_mask.png,31,74,193,93
amor_carioca\1-12-V2-W_aug6_flipV_mask.png,31,57,193,93
amor_carioca\1-12-V2-W_mask.png,31,74,193,93
amor_carioca\1-13-V3-W_aug1_mask.png,57,80,162,141
amor_carioca\1-13-V3-W_aug2_mask.png,57,80,162,141
amor_carioca\1-13-V3-W_aug3_flipV_mask.png,57,3,162,141
amor_carioca\1-13-V3-W_aug4_mask.png,57,80,162,141
amor_carioca\1-13-V3-W_aug5_flipH_mask.png,5,80,162,141
amor_carioca\1-13-V3-W_aug6_flipH_mask.png,5,80,162,141
amor_carioca\1-13-V3-W_mask.png,57,80,162,141
amor_carioca\1-14-V4-W_aug1_flipV_mask.png,47,50,177,95
amor_carioca\1-14-V4-W_aug2_mask.png,47,79,177,95
amor_carioca\1-14-V4-W_aug3_flipH_mask.png,0,79,177,95
amor_carioca\1-14-V4-W_aug4_flipH_mask.png,0,79,177,95
amor_carioca\1-14-V4-W_aug5_flipH_mask.png,0,79,177,95
amor_carioca\1-14-V4-W_aug6_flipH_mask.png,0,79,177,95
amor_carioca\1-14-V4-W_mask.png,47,79,177,95
amor_carioca\1-15-V5-W_aug1_flipV_mask.png,81,5,138,142
amor_carioca\1-15-V5-W_aug2_flipV_mask.png,81,5,138,142
amor_carioca\1-15-V5-W_aug3_flipH_mask.png,5,77,138,142
amor_carioca\1-15-V5-W_aug4_flipV_mask.png,81,5,138,142
amor_carioca\1-15-V5-W_aug5_flipH_mask.png,5,77,138,142
amor_carioca\1-15-V5-W_aug6_flipH_mask.png,5,77,138,142
amor_carioca\1-15-V5-W_mask.png,81,77,138,142
amor_carioca\1-16-V6-W_aug1_flipV_mask.png,30,97,155,101
amor_carioca\1-16-V6-W_aug2_flipH_mask.png,39,26,155,101
amor_carioca\1-16-V6-W_aug3_flipH_mask.png,39,26,155,101
amor_carioca\1-16-V6-W_aug4_flipH_mask.png,39,26,155,101
amor_carioca\1-16-V6-W_aug5_flipH_mask.png,39,26,155,101
amor_carioca\1-16-V6-W_aug6_mask.png,30,26,155,101
amor_carioca\1-16-V6-W_mask.png,30,26,155,101
charge\2-01-V1-W_aug1_flipV_mask.png,37,43,154,73
charge\2-01-V1-W_aug2_mask.png,37,108,154,73
charge\2-01-V1-W_aug3_flipH_mask.png,33,108,154,73
charge\2-01-V1-W_aug4_flipH_mask.png,33,108,154,73
charge\2-01-V1-W_aug5_mask.png,37,108,154,73
charge\2-01-V1-W_aug6_flipV_mask.png,37,43,154,73
charge\2-01-V1-W_mask.png,37,108,154,73
charge\2-02-V1-W_aug1_flipH_mask.png,12,93,175,84
charge\2-02-V1-W_aug2_mask.png,37,93,175,84
charge\2-02-V1-W_aug3_flipV_mask.png,37,47,175,84
charge\2-02-V1-W_aug4_flipH_mask.png,12,93,175,84
charge\2-02-V1-W_aug5_mask.png,37,93,175,84
charge\2-02-V1-W_aug6_mask.png,37,93,175,84
charge\2-02-V1-W_mask.png,37,93,175,84
charge\2-03-V1-B_aug1_flipH_mask.png,10,72,188,84
charge\2-03-V1-B_aug2_flipV_mask.png,26,68,188,84
charge\2-03-V1-B_aug3_flipH_mask.png,10,72,188,84
charge\2-03-V1-B_aug4_flipV_mask.png,26,68,188,84
charge\2-03-V1-B_aug5_flipV_mask.png,26,68,188,84
charge\2-03-V1-B_aug6_flipH_mask.png,10,72,188,84
charge\2-03-V1-B_mask.png,26,72,188,84
charge\2-04-V1-B_aug1_mask.png,37,95,152,69
charge\2-04-V1-B_aug2_mask.png,37,95,152,69
charge\2-04-V1-B_aug3_mask.png,37,95,152,69
charge\2-04-V1-B_aug4_flipV_mask.png,37,60,152,69
charge\2-04-V1-B_aug5_flipH_mask.png,35,95,152,69
charge\2-04-V1-B_aug6_flipH_mask.png,35,95,152,69
charge\2-04-V1-B_mask.png,37,95,152,69
charge\2-05-V1-B_aug1_mask.png,76,84,131,59
charge\2-05-V1-B_aug2_flipH_mask.png,17,84,131,59
charge\2-05-V1-B_aug3_mask.png,76,84,131,59
charge\2-05-V1-B_aug4_mask.png,76,84,131,59
charge\2-05-V1-B_aug5_mask.png,76,84,131,59
charge\2-05-V1-B_aug6_flipH_mask.png,17,84,131,59
charge\2-05-V1-B_mask.png,76,84,131,59
charge\2-06-V2-B_aug1_flipV_mask.png,77,67,140,51
charge\2-06-V2-B_aug2_flipV_mask.png,77,67,140,51
charge\2-06-V2-B_aug3_flipH_mask.png,7,106,140,51
charge\2-06-V2-B_aug4_flipV_mask.png,77,67,140,51
charge\2-06-V2-B_aug5_flipV_mask.png,77,67,140,51
charge\2-06-V2-B_aug6_flipH_mask.png,7,106,140,51
charge\2-06-V2-B_mask.png,77,106,140,51
charge\2-07-V3-B_aug1_mask.png,113,104,80,102
charge\2-07-V3-B_aug2_mask.png,113,104,80,102
charge\2-07-V3-B_aug3_flipV_mask.png,113,18,80,102
charge\2-07-V3-B_aug4_flipH_mask.png,31,104,80,102
charge\2-07-V3-B_aug5_flipH_mask.png,31,104,80,102
charge\2-07-V3-B_aug6_mask.png,113,104,80,102
charge\2-07-V3-B_mask.png,113,104,80,102
charge\2-08-V4-B_aug1_flipH_mask.png,3,116,137,47
charge\2-08-V4-B_aug2_mask.png,84,116,137,47
charge\2-08-V4-B_aug3_flipV_mask.png,84,61,137,47
charge\2-08-V4-B_aug4_flipH_mask.png,3,116,137,47
charge\2-08-V4-B_aug5_flipH_mask.png,3,116,137,47
charge\2-08-V4-B_aug6_mask.png,84,116,137,47
charge\2-08-V4-B_mask.png,84,116,137,47
charge\2-09-V5-B_aug1_mask.png,94,109,87,94
charge\2-09-V5-B_aug2_mask.png,94,109,87,94
charge\2-09-V5-B_aug3_flipV_mask.png,94,21,87,94
charge\2-09-V5-B_aug4_mask.png,94,109,87,94
charge\2-09-V5-B_aug5_mask.png,94,109,87,94
charge\2-09-V5-B_aug6_flipV_mask.png,94,21,87,94
charge\2-09-V5-B_mask.png,94,109,87,94
charge\2-10-V6-B_aug1_mask.png,79,84,122,57
charge\2-10-V6-B_aug2_flipH_mask.png,23,84,122,57
charge\2-10-V6-B_aug3_flipV_mask.png,79,83,122,57
charge\2-10-V6-B_aug4_flipH_mask.png,23,84,122,57
charge\2-10-V6-B_aug5_flipH_mask.png,23,84,122,57
charge\2-10-V6-B_aug6_flipV_mask.png,79,83,122,57
charge\2-10-V6-B_mask.png,79,84,122,57
charge\2-11-V1-W_aug1_flipH_mask.png,24,63,158,70
charge\2-11-V1-W_aug2_mask.png,42,63,158,70
charge\2-11-V1-W_aug3_flipV_mask.png,42,91,158,70
charge\2-11-V1-W_aug4_mask.png,42,63,158,70
charge\2-11-V1-W_aug5_flipV_mask.png,42,91,158,70
charge\2-11-V1-W_aug6_flipH_mask.png,24,63,158,70
charge\2-11-V1-W_mask.png,42,63,158,70
charge\2-12-V2-W_aug1_mask.png,45,88,170,61
charge\2-12-V2-W_aug2_flipH_mask.png,9,88,170,61
charge\2-12-V2-W_aug3_mask.png,45,88,170,61
charge\2-12-V2-W_aug4_flipH_mask.png,9,88,170,61
charge\2-12-V2-W_aug5_mask.png,45,88,170,61
charge\2-12-V2-W_aug6_flipH_mask.png,9,88,170,61
charge\2-12-V2-W_mask.png,45,88,170,61
charge\2-13-V3-W_aug1_flipV_mask.png,76,10,97,133
charge\2-13-V3-W_aug2_flipV_mask.png,76,10,97,133
charge\2-13-V3-W_aug3_flipV_mask.png,76,10,97,133
charge\2-13-V3-W_aug4_flipH_mask.png,51,81,97,133
charge\2-13-V3-W_aug5_flipH_mask.png,51,81,97,133
charge\2-13-V3-W_aug6_flipH_mask.png,51,81,97,133
charge\2-13-V3-W_mask.png,76,81,97,133
charge\2-14-V4-W_aug1_mask.png,59,86,153,54
charge\2-14-V4-W_aug2_flipV_mask.png,59,84,153,54
charge\2-14-V4-W_aug3_flipH_mask.png,12,86,153,54
charge\2-14-V4-W_aug4_flipV_mask.png,59,84,153,54
charge\2-14-V4-W_aug5_flipH_mask.png,12,86,153,54
charge\2-14-V4-W_aug6_flipV_mask.png,59,84,153,54
charge\2-14-V4-W_mask.png,59,86,153,54
charge\2-15-V5-W_aug1_flipV_mask.png,82,9,101,124
charge\2-15-V5-W_aug2_mask.png,82,91,101,124
charge\2-15-V5-W_aug3_flipH_mask.png,41,91,101,124
charge\2-15-V5-W_aug4_flipH_mask.png,41,91,101,124
charge\2-15-V5-W_aug5_flipV_mask.png,82,9,101,124
charge\2-15-V5-W_aug6_flipV_mask.png,82,9,101,124
charge\2-15-V5-W_mask.png,82,91,101,124
charge\2-16-V6-W_aug1_flipH_mask.png,31,58,135,65
charge\2-16-V6-W_aug2_flipV_mask.png,58,101,135,65
charge\2-16-V6-W_aug3_flipH_mask.png,31,58,135,65
charge\2-16-V6-W_aug4_flipH_mask.png,31,58,135,65
charge\2-16-V6-W_aug5_flipV_mask.png,58,101,135,65
charge\2-16-V6-W_aug6_flipV_mask.png,58,101,135,65
charge\2-16-V6-W_mask.png,58,58,135,65
chokito\3-01-V1-W_aug1_mask.png,22,53,202,70
chokito\3-01-V1-W_aug2_mask.png,22,53,202,70
chokito\3-01-V1-W_aug3_flipV_mask.png,22,101,202,70
chokito\3-01-V1-W_aug4_flipH_mask.png,0,53,202,70
chokito\3-01-V1-W_aug5_flipH_mask.png,0,53,202,70
chokito\3-01-V1-W_aug6_mask.png,22,53,202,70
chokito\3-01-V1-W_mask.png,22,53,202,70
chokito\3-02-V1-W_aug1_flipV_mask.png,0,85,224,59
chokito\3-02-V1-W_aug2_mask.png,0,80,224,59
chokito\3-02-V1-W_aug3_flipV_mask.png,0,85,224,59
chokito\3-02-V1-W_aug4_mask.png,0,80,224,59
chokito\3-02-V1-W_aug5_flipH_mask.png,0,80,224,59
chokito\3-02-V1-W_aug6_flipV_mask.png,0,85,224,59
chokito\3-02-V1-W_mask.png,0,80,224,59
chokito\3-03-V1-B_aug1_flipV_mask.png,70,0,109,169
chokito\3-03-V1-B_aug2_flipH_mask.png,45,55,109,169
chokito\3-03-V1-B_aug3_mask.png,70,55,109,169
chokito\3-03-V1-B_aug4_mask.png,70,55,109,169
chokito\3-03-V1-B_aug5_flipH_mask.png,45,55,109,169
chokito\3-03-V1-B_aug6_flipV_mask.png,70,0,109,169
chokito\3-03-V1-B_mask.png,70,55,109,169
chokito\3-04-V1-B_aug1_mask.png,79,75,92,149
chokito\3-04-V1-B_aug2_mask.png,79,75,92,149
chokito\3-04-V1-B_aug3_flipH_mask.png,53,75,92,149
chokito\3-04-V1-B_aug4_flipH_mask.png,53,75,92,149
chokito\3-04-V1-B_aug5_flipH_mask.png,53,75,92,149
chokito\3-04-V1-B_aug6_mask.png,79,75,92,149
chokito\3-04-V1-B_mask.png,79,75,92,149
chokito\3-05-V1-B_aug1_flipV_mask.png,4,86,220,59
chokito\3-05-V1-B_aug2_mask.png,4,79,220,59
chokito\3-05-V1-B_aug3_flipV_mask.png,4,86,220,59
chokito\3-05-V1-B_aug4_mask.png,4,79,220,59
chokito\3-05-V1-B_aug5_mask.png,4,79,220,59
chokito\3-05-V1-B_aug6_flipH_mask.png,0,79,220,59
chokito\3-05-V1-B_mask.png,4,79,220,59
chokito\3-06-V2-B_aug1_flipH_mask.png,0,51,212,72
chokito\3-06-V2-B_aug2_mask.png,12,51,212,72
chokito\3-06-V2-B_aug3_flipH_mask.png,0,51,212,72
chokito\3-06-V2-B_aug4_flipV_mask.png,12,101,212,72
chokito\3-06-V2-B_aug5_flipH_mask.png,0,51,212,72
chokito\3-06-V2-B_aug6_flipH_mask.png,0,51,212,72
chokito\3-06-V2-B_mask.png,12,51,212,72
chokito\3-07-V3-B_aug1_flipV_mask.png,15,40,209,78
chokito\3-07-V3-B_aug2_flipH_mask.png,0,106,209,78
chokito\3-07-V3-B_aug3_flipH_mask.png,0,106,209,78
chokito\3-07-V3-B_aug4_flipH_mask.png,0,106,209,78
chokito\3-07-V3-B_aug5_flipV_mask.png,15,40,209,78
chokito\3-07-V3-B_aug6_mask.png,15,106,209,78
chokito\3-07-V3-B_mask.png,15,106,209,78
chokito\3-08-V4-B_aug1_mask.png,0,98,224,79
chokito\3-08-V4-B_aug2_flipH_mask.png,0,98,224,79
chokito\3-08-V4-B_aug3_flipV_mask.png,0,47,224,79
chokito\3-08-V4-B_aug4_mask.png,0,98,224,79
chokito\3-08-V4-B_aug5_flipH_mask.png,0,98,224,79
chokito\3-08-V4-B_aug6_flipV_mask.png,0,47,224,79
chokito\3-08-V4-B_mask.png,0,98,224,79
chokito\3-09-V5-B_aug1_flipV_mask.png,0,62,224,89
chokito\3-09-V5-B_aug2_mask.png,0,73,224,89
chokito\3-09-V5-B_aug3_mask.png,0,73,224,89
chokito\3-09-V5-B_aug4_flipH_mask.png,0,73,224,89
chokito\3-09-V5-B_aug5_mask.png,0,73,224,89
chokito\3-09-V5-B_aug6_mask.png,0,73,224,89
chokito\3-09-V5-B_mask.png,0,73,224,89
chokito\3-10-V6-B_aug1_flipH_mask.png,0,96,215,71
chokito\3-10-V6-B_aug2_mask.png,9,96,215,71
chokito\3-10-V6-B_aug3_mask.png,9,96,215,71
chokito\3-10-V6-B_aug4_flipV_mask.png,9,57,215,71
chokito\3-10-V6-B_aug5_flipH_mask.png,0,96,215,71
chokito\3-10-V6-B_aug6_flipH_mask.png,0,96,215,71
chokito\3-10-V6-B_mask.png,9,96,215,71
chokito\3-11-V1-W_aug1_mask.png,42,81,182,60
chokito\3-11-V1-W_aug2_flipV_mask.png,42,83,182,60
chokito\3-11-V1-W_aug3_flipH_mask.png,0,81,182,60
chokito\3-11-V1-W_aug4_mask.png,42,81,182,60
chokito\3-11-V1-W_aug5_flipV_mask.png,42,83,182,60
chokito\3-11-V1-W_aug6_flipV_mask.png,42,83,182,60
chokito\3-11-V1-W_mask.png,42,81,182,60
chokito\3-12-V2-W_aug1_flipV_mask.png,39,73,185,51
chokito\3-12-V2-W_aug2_flipV_mask.png,39,73,185,51
chokito\3-12-V2-W_aug3_flipV_mask.png,39,73,185,51
chokito\3-12-V2-W_aug4_flipH_mask.png,0,100,185,51
chokito\3-12-V2-W_aug5_flipH_mask.png,0,100,185,51
chokito\3-12-V2-W_aug6_flipH_mask.png,0,100,185,51
chokito\3-12-V2-W_mask.png,39,100,185,51
chokito\3-13-V3-W_aug1_flipV_mask.png,84,6,94,159
chokito\3-13-V3-W_aug2_flipV_mask.png,84,6,94,159
chokito\3-13-V3-W_aug3_flipH_mask.png,46,59,94,159
chokito\3-13-V3-W_aug4_flipH_mask.png,46,59,94,159
chokito\3-13-V3-W_aug5_mask.png,84,59,94,159
chokito\3-13-V3-W_aug6_mask.png,84,59,94,159
chokito\3-13-V3-W_mask.png,84,59,94,159
chokito\3-14-V4-W_aug1_mask.png,77,81,106,143
chokito\3-14-V4-W_aug2_mask.png,77,81,106,143
chokito\3-14-V4-W_aug3_mask.png,77,81,106,143
chokito\3-14-V4-W_aug4_flipH_mask.png,41,81,106,143
chokito\3-14-V4-W_aug5_flipV_mask.png,77,0,106,143
chokito\3-14-V4-W_aug6_flipV_mask.png,77,0,106,143
chokito\3-14-V4-W_mask.png,77,81,106,143
chokito\3-15-V5-W_aug1_flipV_mask.png,41,72,183,49
chokito\3-15-V5-W_aug2_flipV_mask.png,41,72,183,49
chokito\3-15-V5-W_aug3_mask.png,41,103,183,49
chokito\3-15-V5-W_aug4_mask.png,41,103,183,49
chokito\3-15-V5-W_aug5_mask.png,41,103,183,49
chokito\3-15-V5-W_aug6_mask.png,41,103,183,49
chokito\3-15-V5-W_mask.png,41,103,183,49
chokito\3-16-V6-W_aug1_mask.png,47,79,177,61
chokito\3-16-V6-W_aug2_flipV_mask.png,47,84,177,61
chokito\3-16-V6-W_aug3_flipV_mask.png,47,84,177,61
chokito\3-16-V6-W_aug4_mask.png,47,79,177,61
chokito\3-16-V6-W_aug5_mask.png,47,79,177,61
chokito\3-16-V6-W_aug6_flipH_mask.png,0,79,177,61
chokito\3-16-V6-W_mask.png,47,79,177,61
galak\4-01-V1-W_aug1_mask.png,60,66,139,78
galak\4-01-V1-W_aug2_flipH_mask.png,25,66,139,78
galak\4-01-V1-W_aug3_flipH_mask.png,25,66,139,78
galak\4-01-V1-W_aug4_mask.png,60,66,139,78
galak\4-01-V1-W_aug5_flipV_mask.png,60,80,139,78
galak\4-01-V1-W_aug6_flipV_mask.png,60,80,139,78
galak\4-01-V1-W_mask.png,60,66,139,78
galak\4-02-V1-W_aug1_mask.png,52,102,157,70
galak\4-02-V1-W_aug2_flipH_mask.png,15,102,157,70
galak\4-02-V1-W_aug3_flipH_mask.png,15,102,157,70
galak\4-02-V1-W_aug4_flipV_mask.png,52,52,157,70
galak\4-02-V1-W_aug5_flipH_mask.png,15,102,157,70
galak\4-02-V1-W_aug6_flipH_mask.png,15,102,157,70
galak\4-02-V1-W_mask.png,52,102,157,70
galak\4-03-V1-B_aug1_mask.png,91,89,101,109
galak\4-03-V1-B_aug2_mask.png,91,89,101,109
galak\4-03-V1-B_aug3_flipH_mask.png,32,89,101,109
galak\4-03-V1-B_aug4_mask.png,91,89,101,109
galak\4-03-V1-B_aug5_flipV_mask.png,91,26,101,109
galak\4-03-V1-B_aug6_mask.png,91,89,101,109
galak\4-03-V1-B_mask.png,91,89,101,109
galak\4-04-V1-B_aug1_flipV_mask.png,80,19,96,110
galak\4-04-V1-B_aug2_flipH_mask.png,48,95,96,110
galak\4-04-V1-B_aug3_flipV_mask.png,80,19,96,110
galak\4-04-V1-B_aug4_flipV_mask.png,80,19,96,110
galak\4-04-V1-B_aug5_flipV_mask.png,80,19,96,110
galak\4-04-V1-B_aug6_flipH_mask.png,48,95,96,110
galak\4-04-V1-B_mask.png,80,95,96,110
galak\4-05-V1-B_aug1_flipV_mask.png,65,69,137,59
galak\4-05-V1-B_aug2_flipV_mask.png,65,69,137,59
galak\4-05-V1-B_aug3_mask.png,65,96,137,59
galak\4-05-V1-B_aug4_flipH_mask.png,22,96,137,59
galak\4-05-V1-B_aug5_mask.png,65,96,137,59
galak\4-05-V1-B_aug6_flipV_mask.png,65,69,137,59
galak\4-05-V1-B_mask.png,65,96,137,59
galak\4-06-V2-B_aug1_mask.png,78,56,123,72
galak\4-06-V2-B_aug2_flipV_mask.png,78,96,123,72
galak\4-06-V2-B_aug3_flipH_mask.png,23,56,123,72
galak\4-06-V2-B_aug4_mask.png,78,56,123,72
galak\4-06-V2-B_aug5_flipH_mask.png,23,56,123,72
galak\4-06-V2-B_aug6_mask.png,78,56,123,72
galak\4-06-V2-B_mask.png,78,56,123,72
galak\4-07-V3-B_aug1_mask.png,50,102,126,75
galak\4-07-V3-B_aug2_flipV_mask.png,50,47,126,75
galak\4-07-V3-B_aug3_flipV_mask.png,50,47,126,75
galak\4-07-V3-B_aug4_flipV_mask.png,50,47,126,75
galak\4-07-V3-B_aug5_flipV_mask.png,50,47,126,75
galak\4-07-V3-B_aug6_mask.png,50,102,126,75
galak\4-07-V3-B_mask.png,50,102,126,75
galak\4-08-V4-B_aug1_flipV_mask.png,45,52,142,85
galak\4-08-V4-B_aug2_flipV_mask.png,45,52,142,85
galak\4-08-V4-B_aug3_flipH_mask.png,37,87,142,85
galak\4-08-V4-B_aug4_mask.png,45,87,142,85
galak\4-08-V4-B_aug5_flipV_mask.png,45,52,142,85
galak\4-08-V4-B_aug6_mask.png,45,87,142,85
galak\4-08-V4-B_mask.png,45,87,142,85
galak\4-09-V5-B_aug1_flipV_mask.png,45,50,155,88
galak\4-09-V5-B_aug2_flipH_mask.png,24,86,155,88
galak\4-09-V5-B_aug3_flipV_mask.png,45,50,155,88
galak\4-09-V5-B_aug4_mask.png,45,86,155,88
galak\4-09-V5-B_aug5_flipV_mask.png,45,50,155,88
galak\4-09-V5-B_aug6_flipV_mask.png,45,50,155,88
galak\4-09-V5-B_mask.png,45,86,155,88
galak\4-10-V6-B_aug1_flipH_mask.png,44,91,125,77
galak\4-10-V6-B_aug2_flipH_mask.png,44,91,125,77
galak\4-10-V6-B_aug3_flipH_mask.png,44,91,125,77
galak\4-10-V6-B_aug4_flipV_mask.png,55,56,125,77
galak\4-10-V6-B_aug5_flipV_mask.png,55,56,125,77
galak\4-10-V6-B_aug6_flipH_mask.png,44,91,125,77
galak\4-10-V6-B_mask.png,55,91,125,77
galak\4-11-V1-W_aug1_flipV_mask.png,88,78,112,63
galak\4-11-V1-W_aug2_flipV_mask.png,88,78,112,63
galak\4-11-V1-W_aug3_flipH_mask.png,24,83,112,63
galak\4-11-V1-W_aug4_flipV_mask.png,88,78,112,63
galak\4-11-V1-W_aug5_flipH_mask.png,24,83,112,63
galak\4-11-V1-W_aug6_mask.png,88,83,112,63
galak\4-11-V1-W_mask.png,88,83,112,63
galak\4-12-V2-W_aug1_flipH_mask.png,28,114,124,57
galak\4-12-V2-W_aug2_flipV_mask.png,72,53,124,57
galak\4-12-V2-W_aug3_flipH_mask.png,28,114,124,57
galak\4-12-V2-W_aug4_flipH_mask.png,28,114,124,57
galak\4-12-V2-W_aug5_flipH_mask.png,28,114,124,57
galak\4-12-V2-W_aug6_flipH_mask.png,28,114,124,57
galak\4-12-V2-W_mask.png,72,114,124,57
galak\4-13-V3-W_aug1_mask.png,105,116,90,93
galak\4-13-V3-W_aug2_mask.png,105,116,90,93
galak\4-13-V3-W_aug3_mask.png,105,116,90,93
galak\4-13-V3-W_aug4_mask.png,105,116,90,93
galak\4-13-V3-W_aug5_flipV_mask.png,105,15,90,93
galak\4-13-V3-W_aug6_mask.png,105,116,90,93
galak\4-13-V3-W_mask.png,105,116,90,93
galak\4-14-V4-W_aug1_flipV_mask.png,78,49,123,57
galak\4-14-V4-W_aug2_flipV_mask.png,78,49,123,57
galak\4-14-V4-W_aug3_flipV_mask.png,78,49,123,57
galak\4-14-V4-W_aug4_flipV_mask.png,78,49,123,57
galak\4-14-V4-W_aug5_flipV_mask.png,78,49,123,57
galak\4-14-V4-W_aug6_flipV_mask.png,78,49,123,57
galak\4-14-V4-W_mask.png,78,118,123,57
galak\4-15-V5-W_aug1_mask.png,96,121,89,97
galak\4-15-V5-W_aug2_flipV_mask.png,96,6,89,97
galak\4-15-V5-W_aug3_flipV_mask.png,96,6,89,97
galak\4-15-V5-W_aug4_mask.png,96,121,89,97
galak\4-15-V5-W_aug5_mask.png,96,121,89,97
galak\4-15-V5-W_aug6_flipH_mask.png,39,121,89,97
galak\4-15-V5-W_mask.png,96,121,89,97
galak\4-16-V6-W_aug1_flipH_mask.png,18,93,117,67
galak\4-16-V6-W_aug2_flipH_mask.png,18,93,117,67
galak\4-16-V6-W_aug3_flipH_mask.png,18,93,117,67
galak\4-16-V6-W_aug4_flipV_mask.png,89,64,117,67
galak\4-16-V6-W_aug5_flipV_mask.png,89,64,117,67
galak\4-16-V6-W_aug6_mask.png,89,93,117,67
galak\4-16-V6-W_mask.png,89,93,117,67
lollo\5-01-V1-W_aug1_flipH_mask.png,21,60,147,72
lollo\5-01-V1-W_aug2_mask.png,56,60,147,72
lollo\5-01-V1-W_aug3_flipH_mask.png,21,60,147,72
lollo\5-01-V1-W_aug4_flipV_mask.png,56,92,147,72
lollo\5-01-V1-W_aug5_flipV_mask.png,56,92,147,72
lollo\5-01-V1-W_aug6_mask.png,56,60,147,72
lollo\5-01-V1-W_mask.png,56,60,147,72
lollo\5-02-V1-W_aug1_flipV_mask.png,56,76,163,55
lollo\5-02-V1-W_aug2_flipV_mask.png,56,76,163,55
lollo\5-02-V1-W_aug3_mask.png,56,93,163,55
lollo\5-02-V1-W_aug4_flipH_mask.png,5,93,163,55
lollo\5-02-V1-W_aug5_flipV_mask.png,56,76,163,55
lollo\5-02-V1-W_aug6_flipH_mask.png,5,93,163,55
lollo\5-02-V1-W_mask.png,56,93,163,55
lollo\5-03-V1-B_aug1_mask.png,87,90,112,134
lollo\5-03-V1-B_aug2_flipH_mask.png,25,90,112,134
lollo\5-03-V1-B_aug3_flipH_mask.png,25,90,112,134
lollo\5-03-V1-B_aug4_mask.png,87,90,112,134
lollo\5-03-V1-B_aug5_mask.png,87,90,112,134
lollo\5-03-V1-B_aug6_flipH_mask.png,25,90,112,134
lollo\5-03-V1-B_mask.png,87,90,112,134
lollo\5-04-V1-B_aug1_mask.png,45,92,164,57
lollo\5-04-V1-B_aug2_mask.png,45,92,164,57
lollo\5-04-V1-B_aug3_flipV_mask.png,45,75,164,57
lollo\5-04-V1-B_aug4_flipV_mask.png,45,75,164,57
lollo\5-04-V1-B_aug5_flipH_mask.png,15,92,164,57
lollo\5-04-V1-B_aug6_mask.png,45,92,164,57
lollo\5-04-V1-B_mask.png,45,92,164,57
lollo\5-05-V1-B_aug1_mask.png,90,94,94,130
lollo\5-05-V1-B_aug2_mask.png,90,94,94,130
lollo\5-05-V1-B_aug3_flipV_mask.png,90,0,94,130
lollo\5-05-V1-B_aug4_flipH_mask.png,40,94,94,130
lollo\5-05-V1-B_aug5_mask.png,90,94,94,130
lollo\5-05-V1-B_aug6_flipH_mask.png,40,94,94,130
lollo\5-05-V1-B_mask.png,90,94,94,130
lollo\5-06-V2-B_aug1_flipH_mask.png,20,61,143,68
lollo\5-06-V2-B_aug2_flipV_mask.png,61,95,143,68
lollo\5-06-V2-B_aug3_flipV_mask.png,61,95,143,68
lollo\5-06-V2-B_aug4_flipV_mask.png,61,95,143,68
lollo\5-06-V2-B_aug5_flipH_mask.png,20,61,143,68
lollo\5-06-V2-B_aug6_flipH_mask.png,20,61,143,68
lollo\5-06-V2-B_mask.png,61,61,143,68
lollo\5-07-V3-B_aug1_flipH_mask.png,21,105,156,78
lollo\5-07-V3-B_aug2_flipV_mask.png,47,41,156,78
lollo\5-07-V3-B_aug3_mask.png,47,105,156,78
lollo\5-07-V3-B_aug4_flipV_mask.png,47,41,156,78
lollo\5-07-V3-B_aug5_flipH_mask.png,21,105,156,78
lollo\5-07-V3-B_aug6_flipV_mask.png,47,41,156,78
lollo\5-07-V3-B_mask.png,47,105,156,78
lollo\5-08-V4-B_aug1_flipH_mask.png,9,86,175,80
lollo\5-08-V4-B_aug2_flipH_mask.png,9,86,175,80
lollo\5-08-V4-B_aug3_flipV_mask.png,40,58,175,80
lollo\5-08-V4-B_aug4_flipH_mask.png,9,86,175,80
lollo\5-08-V4-B_aug5_flipV_mask.png,40,58,175,80
lollo\5-08-V4-B_aug6_flipV_mask.png,40,58,175,80
lollo\5-08-V4-B_mask.png,40,86,175,80
lollo\5-09-V5-B_aug1_flipV_mask.png,48,47,176,89
lollo\5-09-V5-B_aug2_flipH_mask.png,0,88,176,89
lollo\5-09-V5-B_aug3_flipH_mask.png,0,88,176,89
lollo\5-09-V5-B_aug4_flipV_mask.png,48,47,176,89
lollo\5-09-V5-B_aug5_mask.png,48,88,176,89
lollo\5-09-V5-B_aug6_flipH_mask.png,0,88,176,89
lollo\5-09-V5-B_mask.png,48,88,176,89
lollo\5-10-V6-B_aug1_flipH_mask.png,20,90,137,67
lollo\5-10-V6-B_aug2_flipH_mask.png,20,90,137,67
lollo\5-10-V6-B_aug3_flipH_mask.png,20,90,137,67
lollo\5-10-V6-B_aug4_flipH_mask.png,20,90,137,67
lollo\5-10-V6-B_aug5_mask.png,67,90,137,67
lollo\5-10-V6-B_aug6_mask.png,67,90,137,67
lollo\5-10-V6-B_mask.png,67,90,137,67
lollo\5-11-V1-W_aug1_flipH_mask.png,30,99,152,74
lollo\5-11-V1-W_aug2_flipH_mask.png,30,99,152,74
lollo\5-11-V1-W_aug3_flipH_mask.png,30,99,152,74
lollo\5-11-V1-W_aug4_mask.png,42,99,152,74
lollo\5-11-V1-W_aug5_mask.png,42,99,152,74
lollo\5-11-V1-W_aug6_flipH_mask.png,30,99,152,74
lollo\5-11-V1-W_mask.png,42,99,152,74
lollo\5-12-V2-W_aug1_flipH_mask.png,4,117,152,51
lollo\5-12-V2-W_aug2_mask.png,68,117,152,51
lollo\5-12-V2-W_aug3_mask.png,68,117,152,51
lollo\5-12-V2-W_aug4_mask.png,68,117,152,51
lollo\5-12-V2-W_aug5_flipV_mask.png,68,56,152,51
lollo\5-12-V2-W_aug6_mask.png,68,117,152,51
lollo\5-12-V2-W_mask.png,68,117,152,51
lollo\5-13-V3-W_aug1_flipH_mask.png,30,117,96,107
lollo\5-13-V3-W_aug2_flipH_mask.png,30,117,96,107
lollo\5-13-V3-W_aug3_flipH_mask.png,30,117,96,107
lollo\5-13-V3-W_aug4_mask.png,98,117,96,107
lollo\5-13-V3-W_aug5_flipV_mask.png,98,0,96,107
lollo\5-13-V3-W_aug6_mask.png,98,117,96,107
lollo\5-13-V3-W_mask.png,98,117,96,107
lollo\5-14-V4-W_aug1_flipV_mask.png,62,61,147,49
lollo\5-14-V4-W_aug2_flipV_mask.png,62,61,147,49
lollo\5-14-V4-W_aug3_mask.png,62,114,147,49
lollo\5-14-V4-W_aug4_flipV_mask.png,62,61,147,49
lollo\5-14-V4-W_aug5_mask.png,62,114,147,49
lollo\5-14-V4-W_aug6_flipV_mask.png,62,61,147,49
lollo\5-14-V4-W_mask.png,62,114,147,49
lollo\5-15-V5-W_aug1_flipH_mask.png,31,109,97,115
lollo\5-15-V5-W_aug2_mask.png,96,109,97,115
lollo\5-15-V5-W_aug3_flipH_mask.png,31,109,97,115
lollo\5-15-V5-W_aug4_mask.png,96,109,97,115
lollo\5-15-V5-W_aug5_flipH_mask.png,31,109,97,115
lollo\5-15-V5-W_aug6_mask.png,96,109,97,115
lollo\5-15-V5-W_mask.png,96,109,97,115
lollo\5-16-V6-W_aug1_flipV_mask.png,75,72,128,60
lollo\5-16-V6-W_aug2_mask.png,75,92,128,60
lollo\5-16-V6-W_aug3_flipH_mask.png,21,92,128,60
lollo\5-16-V6-W_aug4_flipV_mask.png,75,72,128,60
lollo\5-16-V6-W_aug5_flipV_mask.png,75,72,128,60
lollo\5-16-V6-W_aug6_mask.png,75,92,128,60
lollo\5-16-V6-W_mask.png,75,92,128,60
negresco\6-01-V1-W_aug1_flipH_mask.png,24,59,149,79
negresco\6-01-V1-W_aug2_flipH_mask.png,24,59,149,79
negresco\6-01-V1-W_aug3_flipH_mask.png,24,59,149,79
negresco\6-01-V1-W_aug4_flipV_mask.png,51,86,149,79
negresco\6-01-V1-W_aug5_flipV_mask.png,51,86,149,79
negresco\6-01-V1-W_aug6_mask.png,51,59,149,79
negresco\6-01-V1-W_mask.png,51,59,149,79
negresco\6-02-V1-W_aug1_flipH_mask.png,10,97,170,55
negresco\6-02-V1-W_aug2_flipV_mask.png,44,72,170,55
negresco\6-02-V1-W_aug3_flipH_mask.png,10,97,170,55
negresco\6-02-V1-W_aug4_flipV_mask.png,44,72,170,55
negresco\6-02-V1-W_aug5_flipH_mask.png,10,97,170,55
negresco\6-02-V1-W_aug6_flipV_mask.png,44,72,170,55
negresco\6-02-V1-W_mask.png,44,97,170,55
negresco\6-03-V1-B_aug1_mask.png,81,102,102,122
negresco\6-03-V1-B_aug2_mask.png,81,102,102,122
negresco\6-03-V1-B_aug3_flipV_mask.png,81,0,102,122
negresco\6-03-V1-B_aug4_flipV_mask.png,81,0,102,122
negresco\6-03-V1-B_aug5_flipV_mask.png,81,0,102,122
negresco\6-03-V1-B_aug6_flipH_mask.png,41,102,102,122
negresco\6-03-V1-B_mask.png,81,102,102,122
negresco\6-04-V1-B_aug1_flipV_mask.png,77,0,105,129
negresco\6-04-V1-B_aug2_flipH_mask.png,42,95,105,129
negresco\6-04-V1-B_aug3_mask.png,77,95,105,129
negresco\6-04-V1-B_aug4_flipH_mask.png,42,95,105,129
negresco\6-04-V1-B_aug5_flipH_mask.png,42,95,105,129
negresco\6-04-V1-B_aug6_flipV_mask.png,77,0,105,129
negresco\6-04-V1-B_mask.png,77,95,105,129
negresco\6-05-V1-B_aug1_flipH_mask.png,32,91,149,61
negresco\6-05-V1-B_aug2_flipV_mask.png,43,72,149,61
negresco\6-05-V1-B_aug3_flipH_mask.png,32,91,149,61
negresco\6-05-V1-B_aug4_flipH_mask.png,32,91,149,61
negresco\6-05-V1-B_aug5_flipH_mask.png,32,91,149,61
negresco\6-05-V1-B_aug6_flipV_mask.png,43,72,149,61
negresco\6-05-V1-B_mask.png,43,91,149,61
negresco\6-06-V2-B_aug1_flipH_mask.png,31,62,146,71
negresco\6-06-V2-B_aug2_mask.png,47,62,146,71
negresco\6-06-V2-B_aug3_flipH_mask.png,31,62,146,71
negresco\6-06-V2-B_aug4_flipV_mask.png,47,91,146,71
negresco\6-06-V2-B_aug5_mask.png,47,62,146,71
negresco\6-06-V2-B_aug6_flipV_mask.png,47,91,146,71
negresco\6-06-V2-B_mask.png,47,62,146,71
negresco\6-07-V3-B_aug1_flipH_mask.png,18,106,162,80
negresco\6-07-V3-B_aug2_flipH_mask.png,18,106,162,80
negresco\6-07-V3-B_aug3_flipH_mask.png,18,106,162,80
negresco\6-07-V3-B_aug4_mask.png,44,106,162,80
negresco\6-07-V3-B_aug5_flipV_mask.png,44,38,162,80
negresco\6-07-V3-B_aug6_flipH_mask.png,18,106,162,80
negresco\6-07-V3-B_mask.png,44,106,162,80
negresco\6-08-V4-B_aug1_flipV_mask.png,50,49,172,85
negresco\6-08-V4-B_aug2_flipH_mask.png,2,90,172,85
negresco\6-08-V4-B_aug3_flipH_mask.png,2,90,172,85
negresco\6-08-V4-B_aug4_flipH_mask.png,2,90,172,85
negresco\6-08-V4-B_aug5_mask.png,50,90,172,85
negresco\6-08-V4-B_aug6_mask.png,50,90,172,85
negresco\6-08-V4-B_mask.png,50,90,172,85
negresco\6-09-V5-B_aug1_flipH_mask.png,4,78,175,89
negresco\6-09-V5-B_aug2_mask.png,45,78,175,89
negresco\6-09-V5-B_aug3_flipV_mask.png,45,57,175,89
negresco\6-09-V5-B_aug4_flipH_mask.png,4,78,175,89
negresco\6-09-V5-B_aug5_flipH_mask.png,4,78,175,89
negresco\6-09-V5-B_aug6_flipV_mask.png,45,57,175,89
negresco\6-09-V5-B_mask.png,45,78,175,89
negresco\6-10-V6-B_aug1_mask.png,36,94,155,73
negresco\6-10-V6-B_aug2_flipH_mask.png,33,94,155,73
negresco\6-10-V6-B_aug3_mask.png,36,94,155,73
negresco\6-10-V6-B_aug4_flipH_mask.png,33,94,155,73
negresco\6-10-V6-B_aug5_flipV_mask.png,36,57,155,73
negresco\6-10-V6-B_aug6_mask.png,36,94,155,73
negresco\6-10-V6-B_mask.png,36,94,155,73
negresco\6-11-V1-W_aug1_flipH_mask.png,20,85,141,70
negresco\6-11-V1-W_aug2_flipH_mask.png,20,85,141,70
negresco\6-11-V1-W_aug3_flipH_mask.png,20,85,141,70
negresco\6-11-V1-W_aug4_mask.png,63,85,141,70
negresco\6-11-V1-W_aug5_flipV_mask.png,63,69,141,70
negresco\6-11-V1-W_aug6_flipH_mask.png,20,85,141,70
negresco\6-11-V1-W_mask.png,63,85,141,70
negresco\6-12-V2-W_aug1_mask.png,57,118,160,52
negresco\6-12-V2-W_aug2_mask.png,57,118,160,52
negresco\6-12-V2-W_aug3_flipH_mask.png,7,118,160,52
negresco\6-12-V2-W_aug4_flipH_mask.png,7,118,160,52
negresco\6-12-V2-W_aug5_flipV_mask.png,57,54,160,52
negresco\6-12-V2-W_aug6_flipH_mask.png,7,118,160,52
negresco\6-12-V2-W_mask.png,57,118,160,52
negresco\6-13-V3-W_aug1_mask.png,102,112,91,102
negresco\6-13-V3-W_aug2_mask.png,102,112,91,102
negresco\6-13-V3-W_aug3_flipH_mask.png,31,112,91,102
negresco\6-13-V3-W_aug4_flipH_mask.png,31,112,91,102
negresco\6-13-V3-W_aug5_flipH_mask.png,31,112,91,102
negresco\6-13-V3-W_aug6_flipV_mask.png,102,10,91,102
negresco\6-13-V3-W_mask.png,102,112,91,102
negresco\6-14-V4-W_aug1_mask.png,74,104,133,45
negresco\6-14-V4-W_aug2_flipH_mask.png,17,104,133,45
negresco\6-14-V4-W_aug3_flipV_mask.png,74,75,133,45
negresco\6-14-V4-W_aug4_flipH_mask.png,17,104,133,45
negresco\6-14-V4-W_aug5_flipH_mask.png,17,104,133,45
negresco\6-14-V4-W_aug6_flipH_mask.png,17,104,133,45
negresco\6-14-V4-W_mask.png,74,104,133,45
negresco\6-15-V5-W_aug1_flipH_mask.png,39,107,89,107
negresco\6-15-V5-W_aug2_flipH_mask.png,39,107,89,107
negresco\6-15-V5-W_aug3_flipH_mask.png,39,107,89,107
negresco\6-15-V5-W_aug4_mask.png,96,107,89,107
negresco\6-15-V5-W_aug5_flipV_mask.png,96,10,89,107
negresco\6-15-V5-W_aug6_flipV_mask.png,96,10,89,107
negresco\6-15-V5-W_mask.png,96,107,89,107
negresco\6-16-V6-W_aug1_flipV_mask.png,68,86,125,58
negresco\6-16-V6-W_aug2_mask.png,68,80,125,58
negresco\6-16-V6-W_aug3_mask.png,68,80,125,58
negresco\6-16-V6-W_aug4_mask.png,68,80,125,58
negresco\6-16-V6-W_aug5_mask.png,68,80,125,58
negresco\6-16-V6-W_aug6_mask.png,68,80,125,58
negresco\6-16-V6-W_mask.png,68,80,125,58
prestigio\7-01-V1-W_aug1_flipH_mask.png,29,71,143,60
prestigio\7-01-V1-W_aug2_flipV_mask.png,52,93,143,60
prestigio\7-01-V1-W_aug3_flipH_mask.png,29,71,143,60
prestigio\7-01-V1-W_aug4_flipH_mask.png,29,71,143,60
prestigio\7-01-V1-W_aug5_flipV_mask.png,52,93,143,60
prestigio\7-01-V1-W_aug6_flipV_mask.png,52,93,143,60
prestigio\7-01-V1-W_mask.png,52,71,143,60
prestigio\7-02-V1-W_aug1_flipV_mask.png,54,83,157,44
prestigio\7-02-V1-W_aug2_flipV_mask.png,54,83,157,44
prestigio\7-02-V1-W_aug3_flipH_mask.png,13,97,157,44
prestigio\7-02-V1-W_aug4_flipV_mask.png,54,83,157,44
prestigio\7-02-V1-W_aug5_mask.png,54,97,157,44
prestigio\7-02-V1-W_aug6_flipH_mask.png,13,97,157,44
prestigio\7-02-V1-W_mask.png,54,97,157,44
prestigio\7-03-V1-B_aug1_flipV_mask.png,107,0,89,121
prestigio\7-03-V1-B_aug2_flipV_mask.png,107,0,89,121
prestigio\7-03-V1-B_aug3_flipH_mask.png,28,103,89,121
prestigio\7-03-V1-B_aug4_flipV_mask.png,107,0,89,121
prestigio\7-03-V1-B_aug5_flipV_mask.png,107,0,89,121
prestigio\7-03-V1-B_aug6_mask.png,107,103,89,121
prestigio\7-03-V1-B_mask.png,107,103,89,121
prestigio\7-04-V1-B_aug1_mask.png,92,104,94,120
prestigio\7-04-V1-B_aug2_flipH_mask.png,38,104,94,120
prestigio\7-04-V1-B_aug3_flipV_mask.png,92,0,94,120
prestigio\7-04-V1-B_aug4_flipH_mask.png,38,104,94,120
prestigio\7-04-V1-B_aug5_flipH_mask.png,38,104,94,120
prestigio\7-04-V1-B_aug6_mask.png,92,104,94,120
prestigio\7-04-V1-B_mask.png,92,104,94,120
prestigio\7-05-V1-B_aug1_flipH_mask.png,30,92,141,49
prestigio\7-05-V1-B_aug2_flipV_mask.png,53,83,141,49
prestigio\7-05-V1-B_aug3_mask.png,53,92,141,49
prestigio\7-05-V1-B_aug4_flipH_mask.png,30,92,141,49
prestigio\7-05-V1-B_aug5_flipH_mask.png,30,92,141,49
prestigio\7-05-V1-B_aug6_flipV_mask.png,53,83,141,49
prestigio\7-05-V1-B_mask.png,53,92,141,49
prestigio\7-06-V2-B_aug1_flipH_mask.png,33,106,138,58
prestigio\7-06-V2-B_aug2_mask.png,53,106,138,58
prestigio\7-06-V2-B_aug3_flipH_mask.png,33,106,138,58
prestigio\7-06-V2-B_aug4_flipV_mask.png,53,60,138,58
prestigio\7-06-V2-B_aug5_mask.png,53,106,138,58
prestigio\7-06-V2-B_aug6_mask.png,53,106,138,58
prestigio\7-06-V2-B_mask.png,53,106,138,58
prestigio\7-07-V3-B_aug1_mask.png,56,112,147,66
prestigio\7-07-V3-B_aug2_mask.png,56,112,147,66
prestigio\7-07-V3-B_aug3_flipH_mask.png,21,112,147,66
prestigio\7-07-V3-B_aug4_mask.png,56,112,147,66
prestigio\7-07-V3-B_aug5_mask.png,56,112,147,66
prestigio\7-07-V3-B_aug6_flipH_mask.png,21,112,147,66
prestigio\7-07-V3-B_mask.png,56,112,147,66
prestigio\7-08-V4-B_aug1_flipH_mask.png,19,85,166,70
prestigio\7-08-V4-B_aug2_flipV_mask.png,39,69,166,70
prestigio\7-08-V4-B_aug3_flipV_mask.png,39,69,166,70
prestigio\7-08-V4-B_aug4_flipV_mask.png,39,69,166,70
prestigio\7-08-V4-B_aug5_flipH_mask.png,19,85,166,70
prestigio\7-08-V4-B_aug6_flipH_mask.png,19,85,166,70
prestigio\7-08-V4-B_mask.png,39,85,166,70
prestigio\7-09-V5-B_aug1_flipH_mask.png,4,87,176,80
prestigio\7-09-V5-B_aug2_mask.png,44,87,176,80
prestigio\7-09-V5-B_aug3_flipH_mask.png,4,87,176,80
prestigio\7-09-V5-B_aug4_flipV_mask.png,44,57,176,80
prestigio\7-09-V5-B_aug5_mask.png,44,87,176,80
prestigio\7-09-V5-B_aug6_flipV_mask.png,44,57,176,80
prestigio\7-09-V5-B_mask.png,44,87,176,80
prestigio\7-10-V6-B_aug1_mask.png,42,101,144,62
prestigio\7-10-V6-B_aug2_flipH_mask.png,38,101,144,62
prestigio\7-10-V6-B_aug3_flipH_mask.png,38,101,144,62
prestigio\7-10-V6-B_aug4_flipV_mask.png,42,61,144,62
prestigio\7-10-V6-B_aug5_flipV_mask.png,42,61,144,62
prestigio\7-10-V6-B_aug6_flipH_mask.png,38,101,144,62
prestigio\7-10-V6-B_mask.png,42,101,144,62
prestigio\7-11-V1-W_aug1_mask.png,69,102,138,57
prestigio\7-11-V1-W_aug2_flipV_mask.png,69,65,138,57
prestigio\7-11-V1-W_aug3_flipH_mask.png,17,102,138,57
prestigio\7-11-V1-W_aug4_flipV_mask.png,69,65,138,57
prestigio\7-11-V1-W_aug5_flipV_mask.png,69,65,138,57
prestigio\7-11-V1-W_aug6_flipV_mask.png,69,65,138,57
prestigio\7-11-V1-W_mask.png,69,102,138,57
prestigio\7-12-V2-W_aug1_mask.png,58,124,149,42
prestigio\7-12-V2-W_aug2_mask.png,58,124,149,42
prestigio\7-12-V2-W_aug3_mask.png,58,124,149,42
prestigio\7-12-V2-W_aug4_mask.png,58,124,149,42
prestigio\7-12-V2-W_aug5_flipV_mask.png,58,58,149,42
prestigio\7-12-V2-W_aug6_mask.png,58,124,149,42
prestigio\7-12-V2-W_mask.png,58,124,149,42
prestigio\7-13-V3-W_aug1_flipV_mask.png,88,4,75,107
prestigio\7-13-V3-W_aug2_mask.png,88,113,75,107
prestigio\7-13-V3-W_aug3_mask.png,88,113,75,107
prestigio\7-13-V3-W_aug4_flipV_mask.png,88,4,75,107
prestigio\7-13-V3-W_aug5_flipV_mask.png,88,4,75,107
prestigio\7-13-V3-W_aug6_flipH_mask.png,61,113,75,107
prestigio\7-13-V3-W_mask.png,88,113,75,107
prestigio\7-14-V4-W_aug1_flipV_mask.png,96,1,76,108
prestigio\7-14-V4-W_aug2_flipV_mask.png,96,1,76,108
prestigio\7-14-V4-W_aug3_mask.png,96,115,76,108
prestigio\7-14-V4-W_aug4_flipV_mask.png,96,1,76,108
prestigio\7-14-V4-W_aug5_mask.png,96,115,76,108
prestigio\7-14-V4-W_aug6_mask.png,96,115,76,108
prestigio\7-14-V4-W_mask.png,96,115,76,108
prestigio\7-15-V5-W_aug1_flipH_mask.png,24,124,135,46
prestigio\7-15-V5-W_aug2_flipV_mask.png,65,54,135,46
prestigio\7-15-V5-W_aug3_mask.png,65,124,135,46
prestigio\7-15-V5-W_aug4_mask.png,65,124,135,46
prestigio\7-15-V5-W_aug5_mask.png,65,124,135,46
prestigio\7-15-V5-W_aug6_flipV_mask.png,65,54,135,46
prestigio\7-15-V5-W_mask.png,65,124,135,46
prestigio\7-16-V6-W_aug1_flipH_mask.png,29,98,129,53
prestigio\7-16-V6-W_aug2_flipH_mask.png,29,98,129,53
prestigio\7-16-V6-W_aug3_mask.png,66,98,129,53
prestigio\7-16-V6-W_aug4_flipH_mask.png,29,98,129,53
prestigio\7-16-V6-W_aug5_flipV_mask.png,66,73,129,53
prestigio\7-16-V6-W_aug6_flipV_mask.png,66,73,129,53
prestigio\7-16-V6-W_mask.png,66,98,129,53
sensacao\8-01-V1-W_aug1_mask.png,69,56,122,71
sensacao\8-01-V1-W_aug2_flipH_mask.png,33,56,122,71
sensacao\8-01-V1-W_aug3_flipV_mask.png,69,97,122,71
sensacao\8-01-V1-W_aug4_mask.png,69,56,122,71
sensacao\8-01-V1-W_aug5_mask.png,69,56,122,71
sensacao\8-01-V1-W_aug6_flipH_mask.png,33,56,122,71
sensacao\8-01-V1-W_mask.png,69,56,122,71
sensacao\8-02-V1-W_aug1_flipV_mask.png,64,77,136,66
sensacao\8-02-V1-W_aug2_flipH_mask.png,24,81,136,66
sensacao\8-02-V1-W_aug3_flipV_mask.png,64,77,136,66
sensacao\8-02-V1-W_aug4_flipV_mask.png,64,77,136,66
sensacao\8-02-V1-W_aug5_flipV_mask.png,64,77,136,66
sensacao\8-02-V1-W_aug6_flipH_mask.png,24,81,136,66
sensacao\8-02-V1-W_mask.png,64,81,136,66
sensacao\8-03-V1-B_aug1_flipV_mask.png,92,21,98,107
sensacao\8-03-V1-B_aug2_flipH_mask.png,34,96,98,107
sensacao\8-03-V1-B_aug3_flipH_mask.png,34,96,98,107
sensacao\8-03-V1-B_aug4_flipH_mask.png,34,96,98,107
sensacao\8-03-V1-B_aug5_mask.png,92,96,98,107
sensacao\8-03-V1-B_aug6_flipH_mask.png,34,96,98,107
sensacao\8-03-V1-B_mask.png,92,96,98,107
sensacao\8-04-V1-B_aug1_flipH_mask.png,20,90,132,54
sensacao\8-04-V1-B_aug2_flipV_mask.png,72,80,132,54
sensacao\8-04-V1-B_aug3_mask.png,72,90,132,54
sensacao\8-04-V1-B_aug4_mask.png,72,90,132,54
sensacao\8-04-V1-B_aug5_flipH_mask.png,20,90,132,54
sensacao\8-04-V1-B_aug6_mask.png,72,90,132,54
sensacao\8-04-V1-B_mask.png,72,90,132,54
sensacao\8-05-V1-B_aug1_flipV_mask.png,101,35,101,103
sensacao\8-05-V1-B_aug2_flipV_mask.png,101,35,101,103
sensacao\8-05-V1-B_aug3_mask.png,101,86,101,103
sensacao\8-05-V1-B_aug4_flipH_mask.png,22,86,101,103
sensacao\8-05-V1-B_aug5_flipH_mask.png,22,86,101,103
sensacao\8-05-V1-B_aug6_flipV_mask.png,101,35,101,103
sensacao\8-05-V1-B_mask.png,101,86,101,103
sensacao\8-06-V2-B_aug1_mask.png,77,65,121,69
sensacao\8-06-V2-B_aug2_mask.png,77,65,121,69
sensacao\8-06-V2-B_aug3_flipH_mask.png,26,65,121,69
sensacao\8-06-V2-B_aug4_flipV_mask.png,77,90,121,69
sensacao\8-06-V2-B_aug5_flipH_mask.png,26,65,121,69
sensacao\8-06-V2-B_aug6_flipV_mask.png,77,90,121,69
sensacao\8-06-V2-B_mask.png,77,65,121,69
sensacao\8-07-V3-B_aug1_mask.png,52,99,130,77
sensacao\8-07-V3-B_aug2_flipH_mask.png,42,99,130,77
sensacao\8-07-V3-B_aug3_flipV_mask.png,52,48,130,77
sensacao\8-07-V3-B_aug4_flipV_mask.png,52,48,130,77
sensacao\8-07-V3-B_aug5_flipH_mask.png,42,99,130,77
sensacao\8-07-V3-B_aug6_mask.png,52,99,130,77
sensacao\8-07-V3-B_mask.png,52,99,130,77
sensacao\8-08-V4-B_aug1_flipH_mask.png,19,92,149,89
sensacao\8-08-V4-B_aug2_mask.png,56,92,149,89
sensacao\8-08-V4-B_aug3_flipH_mask.png,19,92,149,89
sensacao\8-08-V4-B_aug4_mask.png,56,92,149,89
sensacao\8-08-V4-B_aug5_flipV_mask.png,56,43,149,89
sensacao\8-08-V4-B_aug6_flipH_mask.png,19,92,149,89
sensacao\8-08-V4-B_mask.png,56,92,149,89
sensacao\8-09-V5-B_aug1_flipV_mask.png,46,58,159,97
sensacao\8-09-V5-B_aug2_flipH_mask.png,19,69,159,97
sensacao\8-09-V5-B_aug3_mask.png,46,69,159,97
sensacao\8-09-V5-B_aug4_flipH_mask.png,19,69,159,97
sensacao\8-09-V5-B_aug5_flipH_mask.png,19,69,159,97
sensacao\8-09-V5-B_aug6_flipH_mask.png,19,69,159,97
sensacao\8-09-V5-B_mask.png,46,69,159,97
sensacao\8-10-V6-B_aug1_flipH_mask.png,42,92,127,76
sensacao\8-10-V6-B_aug2_mask.png,55,92,127,76
sensacao\8-10-V6-B_aug3_flipH_mask.png,42,92,127,76
sensacao\8-10-V6-B_aug4_mask.png,55,92,127,76
sensacao\8-10-V6-B_aug5_mask.png,55,92,127,76
sensacao\8-10-V6-B_aug6_mask.png,55,92,127,76
sensacao\8-10-V6-B_mask.png,55,92,127,76
sensacao\8-11-V1-W_aug1_flipH_mask.png,38,83,113,65
sensacao\8-11-V1-W_aug2_flipH_mask.png,38,83,113,65
sensacao\8-11-V1-W_aug3_mask.png,73,83,113,65
sensacao\8-11-V1-W_aug4_mask.png,73,83,113,65
sensacao\8-11-V1-W_aug5_flipV_mask.png,73,76,113,65
sensacao\8-11-V1-W_aug6_flipH_mask.png,38,83,113,65
sensacao\8-11-V1-W_mask.png,73,83,113,65
sensacao\8-12-V2-W_aug1_mask.png,64,109,127,58
sensacao\8-12-V2-W_aug2_flipH_mask.png,33,109,127,58
sensacao\8-12-V2-W_aug3_flipH_mask.png,33,109,127,58
sensacao\8-12-V2-W_aug4_flipV_mask.png,64,57,127,58
sensacao\8-12-V2-W_aug5_flipH_mask.png,33,109,127,58
sensacao\8-12-V2-W_aug6_flipH_mask.png,33,109,127,58
sensacao\8-12-V2-W_mask.png,64,109,127,58
sensacao\8-13-V3-W_aug1_flipV_mask.png,90,5,94,100
sensacao\8-13-V3-W_aug2_flipH_mask.png,40,119,94,100
sensacao\8-13-V3-W_aug3_mask.png,90,119,94,100
sensacao\8-13-V3-W_aug4_mask.png,90,119,94,100
sensacao\8-13-V3-W_aug5_flipV_mask.png,90,5,94,100
sensacao\8-13-V3-W_aug6_mask.png,90,119,94,100
sensacao\8-13-V3-W_mask.png,90,119,94,100
sensacao\8-14-V4-W_aug1_flipH_mask.png,28,115,127,51
sensacao\8-14-V4-W_aug2_mask.png,69,115,127,51
sensacao\8-14-V4-W_aug3_flipV_mask.png,69,58,127,51
sensacao\8-14-V4-W_aug4_mask.png,69,115,127,51
sensacao\8-14-V4-W_aug5_flipH_mask.png,28,115,127,51
sensacao\8-14-V4-W_aug6_flipH_mask.png,28,115,127,51
sensacao\8-14-V4-W_mask.png,69,115,127,51
sensacao\8-15-V5-W_aug1_mask.png,92,111,90,99
sensacao\8-15-V5-W_aug2_flipH_mask.png,42,111,90,99
sensacao\8-15-V5-W_aug3_mask.png,92,111,90,99
sensacao\8-15-V5-W_aug4_mask.png,92,111,90,99
sensacao\8-15-V5-W_aug5_flipV_mask.png,92,14,90,99
sensacao\8-15-V5-W_aug6_mask.png,92,111,90,99
sensacao\8-15-V5-W_mask.png,92,111,90,99
sensacao\8-16-V6-W_aug1_flipH_mask.png,36,82,113,67
sensacao\8-16-V6-W_aug2_flipV_mask.png,75,75,113,67
sensacao\8-16-V6-W_aug3_flipV_mask.png,75,75,113,67
sensacao\8-16-V6-W_aug4_flipV_mask.png,75,75,113,67
sensacao\8-16-V6-W_aug5_flipV_mask.png,75,75,113,67
sensacao\8-16-V6-W_aug6_flipH_mask.png,36,82,113,67
sensacao\8-16-V6-W_mask.png,75,82,113,67
smash\9-01-V1-W_aug1_flipV_mask.png,52,101,148,58
smash\9-01-V1-W_aug2_flipH_mask.png,24,65,148,58
smash\9-01-V1-W_aug3_mask.png,52,65,148,58
smash\9-01-V1-W_aug4_flipV_mask.png,52,101,148,58
smash\9-01-V1-W_aug5_flipV_mask.png,52,101,148,58
smash\9-01-V1-W_aug6_flipV_mask.png,52,101,148,58
smash\9-01-V1-W_mask.png,52,65,148,58
smash\9-02-V1-W_aug1_mask.png,55,81,165,64
smash\9-02-V1-W_aug2_flipH_mask.png,4,81,165,64
smash\9-02-V1-W_aug3_flipH_mask.png,4,81,165,64
smash\9-02-V1-W_aug4_mask.png,55,81,165,64
smash\9-02-V1-W_aug5_flipH_mask.png,4,81,165,64
smash\9-02-V1-W_aug6_flipH_mask.png,4,81,165,64
smash\9-02-V1-W_mask.png,55,81,165,64
smash\9-03-V1-B_aug1_flipV_mask.png,97,16,90,128
smash\9-03-V1-B_aug2_flipH_mask.png,37,80,90,128
smash\9-03-V1-B_aug3_mask.png,97,80,90,128
smash\9-03-V1-B_aug4_flipH_mask.png,37,80,90,128
smash\9-03-V1-B_aug5_flipH_mask.png,37,80,90,128
smash\9-03-V1-B_aug6_mask.png,97,80,90,128
smash\9-03-V1-B_mask.png,97,80,90,128
smash\9-04-V1-B_aug1_mask.png,46,92,153,52
smash\9-04-V1-B_aug2_flipH_mask.png,25,92,153,52
smash\9-04-V1-B_aug3_mask.png,46,92,153,52
smash\9-04-V1-B_aug4_flipH_mask.png,25,92,153,52
smash\9-04-V1-B_aug5_flipH_mask.png,25,92,153,52
smash\9-04-V1-B_aug6_flipV_mask.png,46,80,153,52
smash\9-04-V1-B_mask.png,46,92,153,52
smash\9-05-V1-B_aug1_flipV_mask.png,85,7,88,123
smash\9-05-V1-B_aug2_flipH_mask.png,51,94,88,123
smash\9-05-V1-B_aug3_flipH_mask.png,51,94,88,123
smash\9-05-V1-B_aug4_flipV_mask.png,85,7,88,123
smash\9-05-V1-B_aug5_flipV_mask.png,85,7,88,123
smash\9-05-V1-B_aug6_mask.png,85,94,88,123
smash\9-05-V1-B_mask.png,85,94,88,123
smash\9-06-V2-B_aug1_mask.png,45,69,141,65
smash\9-06-V2-B_aug2_flipH_mask.png,38,69,141,65
smash\9-06-V2-B_aug3_flipV_mask.png,45,90,141,65
smash\9-06-V2-B_aug4_flipH_mask.png,38,69,141,65
smash\9-06-V2-B_aug5_mask.png,45,69,141,65
smash\9-06-V2-B_aug6_flipV_mask.png,45,90,141,65
smash\9-06-V2-B_mask.png,45,69,141,65
smash\9-07-V3-B_aug1_flipV_mask.png,52,48,166,67
smash\9-07-V3-B_aug2_flipH_mask.png,6,109,166,67
smash\9-07-V3-B_aug3_flipH_mask.png,6,109,166,67
smash\9-07-V3-B_aug4_mask.png,52,109,166,67
smash\9-07-V3-B_aug5_flipV_mask.png,52,48,166,67
smash\9-07-V3-B_aug6_flipV_mask.png,52,48,166,67
smash\9-07-V3-B_mask.png,52,109,166,67
smash\9-08-V4-B_aug1_flipV_mask.png,16,55,189,81
smash\9-08-V4-B_aug2_flipH_mask.png,19,88,189,81
smash\9-08-V4-B_aug3_flipH_mask.png,19,88,189,81
smash\9-08-V4-B_aug4_flipV_mask.png,16,55,189,81
smash\9-08-V4-B_aug5_flipH_mask.png,19,88,189,81
smash\9-08-V4-B_aug6_flipH_mask.png,19,88,189,81
smash\9-08-V4-B_mask.png,16,88,189,81
smash\9-09-V5-B_aug1_mask.png,26,84,198,85
smash\9-09-V5-B_aug2_flipV_mask.png,26,55,198,85
smash\9-09-V5-B_aug3_flipV_mask.png,26,55,198,85
smash\9-09-V5-B_aug4_flipV_mask.png,26,55,198,85
smash\9-09-V5-B_aug5_mask.png,26,84,198,85
smash\9-09-V5-B_aug6_flipV_mask.png,26,55,198,85
smash\9-09-V5-B_mask.png,26,84,198,85
smash\9-10-V6-B_aug1_mask.png,39,96,159,64
smash\9-10-V6-B_aug2_mask.png,39,96,159,64
smash\9-10-V6-B_aug3_flipV_mask.png,39,64,159,64
smash\9-10-V6-B_aug4_flipH_mask.png,26,96,159,64
smash\9-10-V6-B_aug5_mask.png,39,96,159,64
smash\9-10-V6-B_aug6_mask.png,39,96,159,64
smash\9-10-V6-B_mask.png,39,96,159,64
smash\9-11-V1-W_aug1_mask.png,61,92,139,54
smash\9-11-V1-W_aug2_mask.png,61,92,139,54
smash\9-11-V1-W_aug3_flipH_mask.png,24,92,139,54
smash\9-11-V1-W_aug4_mask.png,61,92,139,54
smash\9-11-V1-W_aug5_mask.png,61,92,139,54
smash\9-11-V1-W_aug6_flipH_mask.png,24,92,139,54
smash\9-11-V1-W_mask.png,61,92,139,54
smash\9-12-V2-W_aug1_flipV_mask.png,48,62,151,57
smash\9-12-V2-W_aug2_mask.png,48,105,151,57
smash\9-12-V2-W_aug3_flipH_mask.png,25,105,151,57
smash\9-12-V2-W_aug4_flipV_mask.png,48,62,151,57
smash\9-12-V2-W_aug5_mask.png,48,105,151,57
smash\9-12-V2-W_aug6_flipV_mask.png,48,62,151,57
smash\9-12-V2-W_mask.png,48,105,151,57
smash\9-13-V3-W_aug1_flipV_mask.png,88,9,84,114
smash\9-13-V3-W_aug2_flipH_mask.png,52,101,84,114
smash\9-13-V3-W_aug3_mask.png,88,101,84,114
smash\9-13-V3-W_aug4_mask.png,88,101,84,114
smash\9-13-V3-W_aug5_flipV_mask.png,88,9,84,114
smash\9-13-V3-W_aug6_mask.png,88,101,84,114
smash\9-13-V3-W_mask.png,88,101,84,114
smash\9-14-V4-W_aug1_flipH_mask.png,23,115,142,45
smash\9-14-V4-W_aug2_flipH_mask.png,23,115,142,45
smash\9-14-V4-W_aug3_mask.png,59,115,142,45
smash\9-14-V4-W_aug4_mask.png,59,115,142,45
smash\9-14-V4-W_aug5_flipH_mask.png,23,115,142,45
smash\9-14-V4-W_aug6_flipV_mask.png,59,64,142,45
smash\9-14-V4-W_mask.png,59,115,142,45
smash\9-15-V5-W_aug1_mask.png,117,111,84,109
smash\9-15-V5-W_aug2_mask.png,117,111,84,109
smash\9-15-V5-W_aug3_flipH_mask.png,23,111,84,109
smash\9-15-V5-W_aug4_flipV_mask.png,117,4,84,109
smash\9-15-V5-W_aug5_flipV_mask.png,117,4,84,109
smash\9-15-V5-W_aug6_mask.png,117,111,84,109
smash\9-15-V5-W_mask.png,117,111,84,109
smash\9-16-V6-W_aug1_flipV_mask.png,64,73,139,58
smash\9-16-V6-W_aug2_flipV_mask.png,64,73,139,58
smash\9-16-V6-W_aug3_mask.png,64,93,139,58
smash\9-16-V6-W_aug4_mask.png,64,93,139,58
smash\9-16-V6-W_aug5_mask.png,64,93,139,58
smash\9-16-V6-W_aug6_flipH_mask.png,21,93,139,58
smash\9-16-V6-W_mask.png,64,93,139,58
